term,n_postings
environmental,5126
sustainable,4335
sustainability,3002
renewable energy,893
hazardous waste,697
solar,663
recycling,588
recycle,588
wastewater,470
clean energy,404
waste management,312
energy storage,302
natural resource,299
climate change,279
environmental science,262
hazmat,262
energy efficiency,255
water treatment,249
esg,230
environmental compliance,227
environmental regulation,225
protect environment,224
electric vehicles,222
landfill gas,220
stormwater,206
energy management,191
environmental impact,187
reduce waste,175
hazard analysis,174
environmental social governance,163
insulation,160
energy efficient,156
air quality,155
treatment disposal,153
pollution,150
low carbon,150
environmental protection,148
wildlife,146
pv,146
leed,142
forestry,141
greenhouse gas,139
nuclear power,136
durability,136
floods,136
environmental sustainability,135
carbon emissions,134
solar energy,127
water quality,119
bicycle,114
water resource,113
smart home,112
hazwoper,106
eco friendly,103
reduce carbon,99
smart building,99
sustainable design,97
erosion control,93
ecological,90
habitat,89
conserve natural,89
recyclable,83
ecology,80
energy conservation,79
carbon footprint,79
paperless,78
solid waste,77
responsible production,77
storm water,75
waste clean,75
nuclear energy,73
solar power,73
wind turbine,71
lithium,71
fire prevention,71
alternative energy,70
waste energy,69
health environment,67
decontaminate,64
waste water,63
reduce energy,62
fire suppression,61
green energy,59
environmental remediation,58
environmental permit,57
wind energy,55
energy saving,54
sustainable infrastructure,54
circular economy,53
environmental law,53
atmospheric,52
water management,51
sustainable materials,49
energy star,49
environmental studies,48
brownfield,48
air emissions,47
environmental scientist,47
carbon neutral,46
lithium ion battery,45
clean spills,44
agronomy,43
natural environment,42
ghg,42
hazardous substances,42
improve energy,40
equipment effectiveness,40
biodiversity,39
photovoltaic,39
green building,38
environmental awareness,37
fuel cell,36
natural resource management,36
environmental assessment,34
waste treatment,32
biological hazard,32
sewage,31
environmental engineer,31
environmental testing,30
resource conservation,30
harmful emission,30
waste reduction,30
wind power,30
carbon dioxide,29
hydrogeology,29
equipment efficiency,29
wind farm,28
fire detection,28
solar panels,28
carbon capture,27
emission reduction,27
composting,27
emissions reduction,27
wind project,27
fuel efficiency,26
net zero emissions,25
biofuel,24
methane,24
offshore wind,24
ipm,24
water sample,23
conserve resource,23
biomass,23
cercla,22
water conservation,22
ohsas,21
solar photovoltaic,19
clean technologies,19
wilderness,19
foresters,18
carbon reduction,17
geothermal,17
water testing,16
energy reduction,16
testing water,16
methane emissions,16
green hydrogen,15
emission control,15
emissions control,15
refuse collection,15
ethanol,15
radioactive waste,14
hydroelectric,14
fuel economy,14
collect waste,13
greening economy,13
flood control,13
smart grid,13
renewable resource,13
aquaculture,13
nuclear fuel,13
hydropower,12
hybrid electric,12
garbage collection,12
ozone,12
offshore energy,12
environmental restoration,12
remanufacturing,12
tree care,12
nuclear waste,11
global warming,11
solar thermal,11
electric car,10
natural systems,10
carbon credit,9
carbon market,9
saving energy,9
sustainable agriculture,9
hybrid power,9
green infrastructure,9
monitor water,9
ecologist,9
biogas,9
sustainable production,8
biodegradable,8
renewable source,8
air sampling,8
energy audit,8
biodiesel,8
water efficiency,8
electrolysis,8
cogeneration,8
ecofriendly,7
emissions monitoring,7
soil science,7
material efficiency,7
drought,6
protect water,6
reduce consumption,6
water meter,6
led light,6
plant based protein,6
hydrogen fuel,6
environmental liability,6
hazardous waste operations emergency response,6
noise protection,5
nature based solution,5
sustainable construction,5
tests soils,5
electric drive,5
carbon offset,5
emissions standards,5
reforestation,5
landscape restoration,5
soil report,5
water monitor,5
vehicle emissions,5
carbon sequestration,5
integrated pest management,5
breeam,4
soil sampling,4
sustainable farming,4
testing air,4
li ion,4
desalination,4
solid state battery,4
electromobility,4
wild animal,4
emissions testing,4
marine energy,4
pressure losses,4
test air,4
organic farming,4
gas landfill,4
windmill,4
climate smart,4
alternate fuel,4
power storage,4
reduce water,3
leachate,3
transportation efficiency,3
effect weather,3
emissions inspection,3
natural infrastructure,3
sustainable forestry,3
natural heritage,3
hybrid vehicle,3
sustainable aviation,3
landscape protection,3
soil erosion,3
efficiency water,3
climate protection,2
net zero building,2
low carbon construction,2
use efficiency,2
toxic waste,2
carbon output,2
litter control,2
noise control,2
measure emission,2
reduce plastic,2
eco tourism,2
weatherization,2
tree planting,2
water saving,2
passive house,2
soil test,2
blower door,2
renewable material,2
minimize raw material,1
energy loss,1
programmable thermostat,1
carbon disclosure,1
solar water,1
blue hydrogen,1
efficiency light,1
carbon inventory,1
low carbon cement,1
ewaste,1
no till,1
emissions analysis,1
improve heat,1
wild life,1
wind technology,1
forest maintenance,1
collect used oil,1
cover crop,1
carbon pricing,1
ngfs,1
protecting ecosystems,1
wind field,1
sustainable fishing,1
land protection,1
reduce electricity,1
recovery materials,1
natural capital,1
biological diversity,1
afforestation,1
urban greening,1
forecast weather,1
sustainable architecture,1
deforestation,1
efficient light,1
forest protection,1
electric flying,1
nonhazardous waste,1
net zero asset,1
marine power,1
sec climate disclosure,1
responsible consumption,1
ecotourism,1
bioenergy,1
new energy vehicle,1
carbon standard,1
waste recovery,1
conservation agriculture,1
minimize energy,1
agroforestry,1
sustainable protein,1
vibration control,1
