domain_code,domain,share_of_green_vacancies,share_of_all_vacancies
G08,Environmental Awareness,0.6881,0.0626
G04,"Emissions, Pollution, and Sustainable Transportation",0.1364,0.0124
G01,Alternative Energy Systems,0.1328,0.0121
G07,Natural Resource Conservation,0.1031,0.0094
G02,Energy Efficiency and Consumption,0.0933,0.0085
G05,Recycling and Waste Management,0.0809,0.0074
G09,Environmental Certifications and Compliance,0.0772,0.007
G06,"Sustainable Agriculture, Forestry, and Food Production",0.0187,0.0017
G03,Sustainable Building and Construction,0.0104,0.0009
